<?xml version="1.0" encoding="UTF-8"?>
<metadata xml:lang="en"><Esri><CreaDate>20150908</CreaDate><CreaTime>08331600</CreaTime><ArcGISFormat>1.0</ArcGISFormat><SyncOnce>FALSE</SyncOnce><DataProperties><itemProps><itemLocation><linkage Sync="TRUE">file://\\iscalfred\ISC-GIS-DATA\BASEDATA\AB\Hydrology\Watershed_Councils</linkage><protocol Sync="TRUE">Local Area Network</protocol></itemLocation><itemName Sync="TRUE">ab_ws_council_diss</itemName><imsContentType Sync="TRUE">002</imsContentType><itemSize Sync="TRUE">0.000</itemSize></itemProps><copyHistory><copy source="Z:\BASEDATA\AB\Watershed_Councils" dest="\\iscalfred\ISC-GIS-DATA\BASEDATA\AB\Hydrology\Watershed_Councils" date="20160108" time="15321900"></copy></copyHistory><lineage><Process ToolSource="c:\program files (x86)\arcgis\desktop10.2\ArcToolbox\Toolboxes\Data Management Tools.tbx\CalculateField" Date="20141208" Time="110407">CalculateField NHN_INDEX_10_INDEX_WORKUNIT_LIMIT_2 Cont_WS "Hay River" VB #</Process><Process ToolSource="c:\program files (x86)\arcgis\desktop10.2\ArcToolbox\Toolboxes\Data Management Tools.tbx\CalculateField" Date="20141208" Time="110609">CalculateField NHN_INDEX_10_INDEX_WORKUNIT_LIMIT_2 Cont_WS "Peace Slave" VB #</Process><Process ToolSource="c:\program files (x86)\arcgis\desktop10.2\ArcToolbox\Toolboxes\Data Management Tools.tbx\CalculateField" Date="20141208" Time="110700">CalculateField NHN_INDEX_10_INDEX_WORKUNIT_LIMIT_2 Cont_WS "Beaver" VB #</Process><Process ToolSource="c:\program files (x86)\arcgis\desktop10.2\ArcToolbox\Toolboxes\Data Management Tools.tbx\CalculateField" Date="20141208" Time="110711">CalculateField NHN_INDEX_10_INDEX_WORKUNIT_LIMIT_2 Cont_WS "Beaver" VB #</Process><Process ToolSource="c:\program files (x86)\arcgis\desktop10.2\ArcToolbox\Toolboxes\Data Management Tools.tbx\CalculateField" Date="20141208" Time="110810">CalculateField NHN_INDEX_10_INDEX_WORKUNIT_LIMIT_2 Cont_WS "North Saskatchewan" VB #</Process><Process ToolSource="c:\program files (x86)\arcgis\desktop10.2\ArcToolbox\Toolboxes\Data Management Tools.tbx\CalculateField" Date="20141208" Time="110923">CalculateField NHN_INDEX_10_INDEX_WORKUNIT_LIMIT_2 Cont_WS "South Saskatchewan" VB #</Process><Process ToolSource="c:\program files (x86)\arcgis\desktop10.2\ArcToolbox\Toolboxes\Data Management Tools.tbx\CalculateField" Date="20141208" Time="110942">CalculateField NHN_INDEX_10_INDEX_WORKUNIT_LIMIT_2 Cont_WS "Milk River" VB #</Process><Process ToolSource="c:\program files (x86)\arcgis\desktop10.2\ArcToolbox\Toolboxes\Data Management Tools.tbx\CalculateField" Date="20141208" Time="111046">CalculateField NHN_INDEX_10_INDEX_WORKUNIT_LIMIT_2 Cont_WS "Athabasca" VB #</Process><Process ToolSource="c:\program files (x86)\arcgis\desktop10.2\ArcToolbox\Toolboxes\Data Management Tools.tbx\CalculateField" Date="20150415" Time="081953">CalculateField NHN_INDEX_10_INDEX_WORKUNIT_LIMIT_2 Cont_WS "Peace Slave" VB #</Process><Process ToolSource="c:\program files (x86)\arcgis\desktop10.2\ArcToolbox\Toolboxes\Data Management Tools.tbx\CalculateField" Date="20150415" Time="082020">CalculateField NHN_INDEX_10_INDEX_WORKUNIT_LIMIT_2 Cont_WS "Buffalo" VB #</Process><Process ToolSource="c:\program files (x86)\arcgis\desktop10.2\ArcToolbox\Toolboxes\Data Management Tools.tbx\CalculateField" Date="20150415" Time="155550">CalculateField NHN_INDEX_10_INDEX_WORKUNIT_LIMIT_2 Reg_WS "Battle River" VB #</Process><Process ToolSource="c:\program files (x86)\arcgis\desktop10.2\ArcToolbox\Toolboxes\Data Management Tools.tbx\CalculateField" Date="20150415" Time="155630">CalculateField NHN_INDEX_10_INDEX_WORKUNIT_LIMIT_2 Reg_WS "North Saskatchewan" VB #</Process><Process ToolSource="c:\program files (x86)\arcgis\desktop10.2\ArcToolbox\Toolboxes\Data Management Tools.tbx\CalculateField" Date="20150415" Time="155717">CalculateField NHN_INDEX_10_INDEX_WORKUNIT_LIMIT_2 Reg_WS "Red Deer" VB #</Process><Process ToolSource="c:\program files (x86)\arcgis\desktop10.2\ArcToolbox\Toolboxes\Data Management Tools.tbx\CalculateField" Date="20150415" Time="155740">CalculateField NHN_INDEX_10_INDEX_WORKUNIT_LIMIT_2 Reg_WS "Bow River" VB #</Process><Process ToolSource="c:\program files (x86)\arcgis\desktop10.2\ArcToolbox\Toolboxes\Data Management Tools.tbx\CalculateField" Date="20150415" Time="155806">CalculateField NHN_INDEX_10_INDEX_WORKUNIT_LIMIT_2 Reg_WS "Oldman" VB #</Process><Process ToolSource="c:\program files (x86)\arcgis\desktop10.2\ArcToolbox\Toolboxes\Data Management Tools.tbx\CalculateField" Date="20150415" Time="160252">CalculateField NHN_INDEX_10_INDEX_WORKUNIT_LIMIT_2 Reg_WS "Milk" VB #</Process><Process ToolSource="c:\program files (x86)\arcgis\desktop10.2\ArcToolbox\Toolboxes\Data Management Tools.tbx\CalculateField" Date="20150415" Time="160315">CalculateField NHN_INDEX_10_INDEX_WORKUNIT_LIMIT_2 Reg_WS "South Saskatchewan" VB #</Process><Process ToolSource="c:\program files (x86)\arcgis\desktop10.2\ArcToolbox\Toolboxes\Data Management Tools.tbx\CalculateField" Date="20150415" Time="161522">CalculateField NHN_INDEX_10_INDEX_WORKUNIT_LIMIT_2 Reg_WS "North Saskatchewan" VB #</Process><Process ToolSource="c:\program files (x86)\arcgis\desktop10.3\ArcToolbox\Toolboxes\Data Management Tools.tbx\CalculateField" Date="20150728" Time="082757">CalculateField NHN_INDEX_10_INDEX_WORKUNIT_LIMIT_2 Riv_Basin "Bow River Sub Basin" VB #</Process><Process ToolSource="c:\program files (x86)\arcgis\desktop10.3\ArcToolbox\Toolboxes\Data Management Tools.tbx\CalculateField" Date="20150728" Time="082858">CalculateField NHN_INDEX_10_INDEX_WORKUNIT_LIMIT_2 Riv_Basin "Milk" VB #</Process><Process ToolSource="c:\program files (x86)\arcgis\desktop10.3\ArcToolbox\Toolboxes\Data Management Tools.tbx\CalculateField" Date="20150728" Time="082936">CalculateField NHN_INDEX_10_INDEX_WORKUNIT_LIMIT_2 Riv_Basin "South Saskatchewan" VB #</Process><Process ToolSource="c:\program files (x86)\arcgis\desktop10.3\ArcToolbox\Toolboxes\Data Management Tools.tbx\CalculateField" Date="20150728" Time="083012">CalculateField NHN_INDEX_10_INDEX_WORKUNIT_LIMIT_2 Riv_Basin "Oldman" VB #</Process><Process ToolSource="c:\program files (x86)\arcgis\desktop10.3\ArcToolbox\Toolboxes\Data Management Tools.tbx\CalculateField" Date="20150728" Time="083121">CalculateField NHN_INDEX_10_INDEX_WORKUNIT_LIMIT_2 Riv_Basin "Red Deer River" VB #</Process><Process ToolSource="c:\program files (x86)\arcgis\desktop10.3\ArcToolbox\Toolboxes\Data Management Tools.tbx\CalculateField" Date="20150728" Time="083221">CalculateField NHN_INDEX_10_INDEX_WORKUNIT_LIMIT_2 Riv_Basin "Red Deer River" VB #</Process><Process ToolSource="c:\program files (x86)\arcgis\desktop10.3\ArcToolbox\Toolboxes\Data Management Tools.tbx\CalculateField" Date="20150728" Time="083251">CalculateField NHN_INDEX_10_INDEX_WORKUNIT_LIMIT_2 Riv_Basin "North Saskatchewan" VB #</Process><Process ToolSource="c:\program files (x86)\arcgis\desktop10.3\ArcToolbox\Toolboxes\Data Management Tools.tbx\CalculateField" Date="20150728" Time="083347">CalculateField NHN_INDEX_10_INDEX_WORKUNIT_LIMIT_2 Riv_Basin "Milk" VB #</Process><Process ToolSource="c:\program files (x86)\arcgis\desktop10.3\ArcToolbox\Toolboxes\Data Management Tools.tbx\CalculateField" Date="20150728" Time="083429">CalculateField NHN_INDEX_10_INDEX_WORKUNIT_LIMIT_2 Riv_Basin "Milk" VB #</Process><Process ToolSource="c:\program files (x86)\arcgis\desktop10.3\ArcToolbox\Toolboxes\Data Management Tools.tbx\CalculateField" Date="20150728" Time="083454">CalculateField NHN_INDEX_10_INDEX_WORKUNIT_LIMIT_2 Riv_Basin "South Saskatchewan" VB #</Process><Process ToolSource="c:\program files (x86)\arcgis\desktop10.3\ArcToolbox\Toolboxes\Data Management Tools.tbx\CalculateField" Date="20150728" Time="083556">CalculateField NHN_INDEX_10_INDEX_WORKUNIT_LIMIT_2 Riv_Basin "North Saskatchwan" VB #</Process><Process ToolSource="c:\program files (x86)\arcgis\desktop10.3\ArcToolbox\Toolboxes\Data Management Tools.tbx\CalculateField" Date="20150728" Time="083810">CalculateField NHN_INDEX_10_INDEX_WORKUNIT_LIMIT_2 Riv_Basin "Athabasca" VB #</Process><Process ToolSource="c:\program files (x86)\arcgis\desktop10.3\ArcToolbox\Toolboxes\Data Management Tools.tbx\CalculateField" Date="20150728" Time="083849">CalculateField NHN_INDEX_10_INDEX_WORKUNIT_LIMIT_2 Riv_Basin "Peace Slave" VB #</Process><Process ToolSource="c:\program files (x86)\arcgis\desktop10.3\ArcToolbox\Toolboxes\Data Management Tools.tbx\CalculateField" Date="20150728" Time="083916">CalculateField NHN_INDEX_10_INDEX_WORKUNIT_LIMIT_2 Riv_Basin "Hay River" VB #</Process><Process ToolSource="c:\program files (x86)\arcgis\desktop10.3\ArcToolbox\Toolboxes\Data Management Tools.tbx\CalculateField" Date="20150728" Time="083934">CalculateField NHN_INDEX_10_INDEX_WORKUNIT_LIMIT_2 Riv_Basin "Buffalo" VB #</Process><Process ToolSource="c:\program files (x86)\arcgis\desktop10.3\ArcToolbox\Toolboxes\Data Management Tools.tbx\CalculateField" Date="20150728" Time="084036">CalculateField NHN_INDEX_10_INDEX_WORKUNIT_LIMIT_2 Riv_Basin "Beaver" VB #</Process><Process ToolSource="c:\program files (x86)\arcgis\desktop10.3\ArcToolbox\Toolboxes\Data Management Tools.tbx\CalculateField" Date="20150908" Time="081147">CalculateField NHN_INDEX_10_INDEX_WORKUNIT_LIMIT_2 Council "Lesser Slave Watershed Council" VB #</Process><Process ToolSource="c:\program files (x86)\arcgis\desktop10.3\ArcToolbox\Toolboxes\Data Management Tools.tbx\CalculateField" Date="20150908" Time="081313">CalculateField NHN_INDEX_10_INDEX_WORKUNIT_LIMIT_2 Council "Athabasca Watershed Council" VB #</Process><Process ToolSource="c:\program files (x86)\arcgis\desktop10.3\ArcToolbox\Toolboxes\Data Management Tools.tbx\CalculateField" Date="20150908" Time="081448">CalculateField NHN_INDEX_10_INDEX_WORKUNIT_LIMIT_2 Council "Mighty Peace Watershed Alliance" VB #</Process><Process ToolSource="c:\program files (x86)\arcgis\desktop10.3\ArcToolbox\Toolboxes\Data Management Tools.tbx\CalculateField" Date="20150908" Time="081537">CalculateField NHN_INDEX_10_INDEX_WORKUNIT_LIMIT_2 Council "Beaver River Watershed Alliance" VB #</Process><Process ToolSource="c:\program files (x86)\arcgis\desktop10.3\ArcToolbox\Toolboxes\Data Management Tools.tbx\CalculateField" Date="20150908" Time="081642">CalculateField NHN_INDEX_10_INDEX_WORKUNIT_LIMIT_2 Council "Battle River Watershed Alliance" VB #</Process><Process ToolSource="c:\program files (x86)\arcgis\desktop10.3\ArcToolbox\Toolboxes\Data Management Tools.tbx\CalculateField" Date="20150908" Time="081709">CalculateField NHN_INDEX_10_INDEX_WORKUNIT_LIMIT_2 Council "North Saskatchewan Watershed Alliance" VB #</Process><Process ToolSource="c:\program files (x86)\arcgis\desktop10.3\ArcToolbox\Toolboxes\Data Management Tools.tbx\CalculateField" Date="20150908" Time="081752">CalculateField NHN_INDEX_10_INDEX_WORKUNIT_LIMIT_2 Council "Red Deer River Watershed Alliance" VB #</Process><Process ToolSource="c:\program files (x86)\arcgis\desktop10.3\ArcToolbox\Toolboxes\Data Management Tools.tbx\CalculateField" Date="20150908" Time="081824">CalculateField NHN_INDEX_10_INDEX_WORKUNIT_LIMIT_2 Council "Bow River Basin Council" VB #</Process><Process ToolSource="c:\program files (x86)\arcgis\desktop10.3\ArcToolbox\Toolboxes\Data Management Tools.tbx\CalculateField" Date="20150908" Time="081856">CalculateField NHN_INDEX_10_INDEX_WORKUNIT_LIMIT_2 Council "Oldman Watershed Council" VB #</Process><Process ToolSource="c:\program files (x86)\arcgis\desktop10.3\ArcToolbox\Toolboxes\Data Management Tools.tbx\CalculateField" Date="20150908" Time="081935">CalculateField NHN_INDEX_10_INDEX_WORKUNIT_LIMIT_2 Council "South East Alberta Watershed Alliance" VB #</Process><Process ToolSource="c:\program files (x86)\arcgis\desktop10.3\ArcToolbox\Toolboxes\Data Management Tools.tbx\CalculateField" Date="20150908" Time="082001">CalculateField NHN_INDEX_10_INDEX_WORKUNIT_LIMIT_2 Council "Milk River Watershed Council Canada" VB #</Process><Process ToolSource="c:\program files (x86)\arcgis\desktop10.3\ArcToolbox\Toolboxes\Data Management Tools.tbx\CalculateField" Date="20150908" Time="082103">CalculateField NHN_INDEX_10_INDEX_WORKUNIT_LIMIT_2 Council "Athabasca Watershed Council" VB #</Process><Process ToolSource="c:\program files (x86)\arcgis\desktop10.3\ArcToolbox\Toolboxes\Data Management Tools.tbx\CalculateField" Date="20150908" Time="082804">CalculateField NHN_INDEX_10_INDEX_WORKUNIT_LIMIT_2 Council "Mighty Peace Watershed Alliance" VB #</Process></lineage><coordRef><type Sync="TRUE">Geographic</type><geogcsn Sync="TRUE">GCS_North_American_1983_CSRS</geogcsn><csUnits Sync="TRUE">Angular Unit: Degree (0.017453)</csUnits><peXml Sync="TRUE">&lt;GeographicCoordinateSystem xsi:type='typens:GeographicCoordinateSystem' xmlns:xsi='http://www.w3.org/2001/XMLSchema-instance' xmlns:xs='http://www.w3.org/2001/XMLSchema' xmlns:typens='http://www.esri.com/schemas/ArcGIS/10.3'&gt;&lt;WKT&gt;GEOGCS[&amp;quot;GCS_North_American_1983_CSRS&amp;quot;,DATUM[&amp;quot;D_North_American_1983_CSRS&amp;quot;,SPHEROID[&amp;quot;GRS_1980&amp;quot;,6378137.0,298.257222101]],PRIMEM[&amp;quot;Greenwich&amp;quot;,0.0],UNIT[&amp;quot;Degree&amp;quot;,0.0174532925199433],AUTHORITY[&amp;quot;EPSG&amp;quot;,4617]]&lt;/WKT&gt;&lt;XOrigin&gt;-400&lt;/XOrigin&gt;&lt;YOrigin&gt;-400&lt;/YOrigin&gt;&lt;XYScale&gt;11258999068426.238&lt;/XYScale&gt;&lt;ZOrigin&gt;-100000&lt;/ZOrigin&gt;&lt;ZScale&gt;10000&lt;/ZScale&gt;&lt;MOrigin&gt;-100000&lt;/MOrigin&gt;&lt;MScale&gt;10000&lt;/MScale&gt;&lt;XYTolerance&gt;8.9831528411952133e-009&lt;/XYTolerance&gt;&lt;ZTolerance&gt;0.001&lt;/ZTolerance&gt;&lt;MTolerance&gt;0.001&lt;/MTolerance&gt;&lt;HighPrecision&gt;true&lt;/HighPrecision&gt;&lt;LeftLongitude&gt;-180&lt;/LeftLongitude&gt;&lt;WKID&gt;4140&lt;/WKID&gt;&lt;LatestWKID&gt;4617&lt;/LatestWKID&gt;&lt;/GeographicCoordinateSystem&gt;</peXml></coordRef></DataProperties><SyncDate>20150908</SyncDate><SyncTime>08310000</SyncTime><ModDate>20150908</ModDate><ModTime>08310000</ModTime></Esri><dataIdInfo><envirDesc Sync="TRUE">Microsoft Windows 7 Version 6.1 (Build 7601) Service Pack 1; Esri ArcGIS 10.3.1.4959</envirDesc><dataLang><languageCode value="eng" Sync="TRUE"></languageCode><countryCode value="CAN" Sync="TRUE"></countryCode></dataLang><idCitation><resTitle Sync="TRUE">ab_ws_council_diss</resTitle><presForm><PresFormCd value="005" Sync="TRUE"></PresFormCd></presForm></idCitation><spatRpType><SpatRepTypCd value="001" Sync="TRUE"></SpatRepTypCd></spatRpType></dataIdInfo><mdLang><languageCode value="eng" Sync="TRUE"></languageCode><countryCode value="CAN" Sync="TRUE"></countryCode></mdLang><mdChar><CharSetCd value="004" Sync="TRUE"></CharSetCd></mdChar><distInfo><distFormat><formatName Sync="TRUE">Shapefile</formatName></distFormat><distTranOps><transSize Sync="TRUE">0.000</transSize></distTranOps></distInfo><mdHrLv><ScopeCd value="005" Sync="TRUE"></ScopeCd></mdHrLv><mdHrLvName Sync="TRUE">dataset</mdHrLvName><refSysInfo><RefSystem><refSysID><identCode code="4617" Sync="TRUE"></identCode><idCodeSpace Sync="TRUE">EPSG</idCodeSpace><idVersion Sync="TRUE">8.6.2</idVersion></refSysID></RefSystem></refSysInfo><spatRepInfo><VectSpatRep><geometObjs Name="ab_ws_council_diss"><geoObjTyp><GeoObjTypCd value="002" Sync="TRUE"></GeoObjTypCd></geoObjTyp><geoObjCnt Sync="TRUE">0</geoObjCnt></geometObjs><topLvl><TopoLevCd value="001" Sync="TRUE"></TopoLevCd></topLvl></VectSpatRep></spatRepInfo><spdoinfo><ptvctinf><esriterm Name="ab_ws_council_diss"><efeatyp Sync="TRUE">Simple</efeatyp><efeageom code="4" Sync="TRUE"></efeageom><esritopo Sync="TRUE">FALSE</esritopo><efeacnt Sync="TRUE">0</efeacnt><spindex Sync="TRUE">FALSE</spindex><linrefer Sync="TRUE">FALSE</linrefer></esriterm></ptvctinf></spdoinfo><eainfo><detailed Name="ab_ws_council_diss"><enttyp><enttypl Sync="TRUE">ab_ws_council_diss</enttypl><enttypt Sync="TRUE">Feature Class</enttypt><enttypc Sync="TRUE">0</enttypc></enttyp><attr><attrlabl Sync="TRUE">FID</attrlabl><attalias Sync="TRUE">FID</attalias><attrtype Sync="TRUE">OID</attrtype><attwidth Sync="TRUE">4</attwidth><atprecis Sync="TRUE">0</atprecis><attscale Sync="TRUE">0</attscale><attrdef Sync="TRUE">Internal feature number.</attrdef><attrdefs Sync="TRUE">Esri</attrdefs><attrdomv><udom Sync="TRUE">Sequential unique whole numbers that are automatically generated.</udom></attrdomv></attr><attr><attrlabl Sync="TRUE">Shape</attrlabl><attalias Sync="TRUE">Shape</attalias><attrtype Sync="TRUE">Geometry</attrtype><attwidth Sync="TRUE">0</attwidth><atprecis Sync="TRUE">0</atprecis><attscale Sync="TRUE">0</attscale><attrdef Sync="TRUE">Feature geometry.</attrdef><attrdefs Sync="TRUE">Esri</attrdefs><attrdomv><udom Sync="TRUE">Coordinates defining the features.</udom></attrdomv></attr><attr><attrlabl Sync="TRUE">Council</attrlabl><attalias Sync="TRUE">Council</attalias><attrtype Sync="TRUE">String</attrtype><attwidth Sync="TRUE">50</attwidth><atprecis Sync="TRUE">0</atprecis><attscale Sync="TRUE">0</attscale></attr></detailed></eainfo><mdDateSt Sync="TRUE">20150908</mdDateSt></metadata>
